"feature","description","source_url"
"Abjure Enemy","Abjure Enemy is an Oath of Vengeance Paladin class action. This ability allows them to Frighten an enemy.","https://bg3.wiki/wiki/Abjure_Enemy"
"Accursed Spectre","Accursed Spectre is a The Hexblade warlock passive feature that raises a spectre when an enemy is killed.","https://bg3.wiki/wiki/Accursed_Spectre_(passive_feature)"
"Action Surge","Action Surge is a free action gained by Fighters at Level 2. This ability allows the fighter to take another action in the same turn.","https://bg3.wiki/wiki/Action_Surge"
"Aid","Aid is a level 2 abjuration spell. It allows spellcasters to heal and embolden their allies and themselves with resolve. Affected creatures have their maximum Hit Points increased for the duration of the spell.","https://bg3.wiki/wiki/Aid"
"Animate Dead","Animate Dead is a level 3 necromancy spell. It allows spellcasters to animate a corpse to create an undead servant.","https://bg3.wiki/wiki/Animate_Dead"
"Arcane Ward","Arcane Ward is a passive feature of the Abjuration School Wizard. Upon casting an Abjuration spell,[See: Bugs] gain a charge in Arcane Ward which blocks incoming damage. Each time damage is taken, it is reduced by the charge count and the charge count decreases by one.","https://bg3.wiki/wiki/Arcane_Ward"
"Armour of Hexes","Armour of Hexes is a The Hexblade warlock passive feature/reaction that nullifies attacks by cursed enemies.","https://bg3.wiki/wiki/Armour_of_Hexes"
"Assassinate: Ambush","Assassinate: Ambush is an Assassin Rogue passive feature that greatly increases damage against foes you surprise.","https://bg3.wiki/wiki/Assassinate%3A_Ambush"
"Assassinate: Initiative","Assassinate: Initiative is an Assassin Rogue passive feature that increases the chance of a successful attack if you act before they do.","https://bg3.wiki/wiki/Assassinate%3A_Initiative"
"Assassin's Alacrity","Assassin's Alacrity is an Assassin Rogue passive feature that greatly enhances your first turn in combat","https://bg3.wiki/wiki/Assassin's_Alacrity"
"Aura of Courage","Aura of Courage is a Paladin class action. This ability allows a Paladin to protect their allies from fear.","https://bg3.wiki/wiki/Aura_of_Courage"
"Aura of Devotion","Aura of Devotion is a Oath of Devotion paladin class action. This ability allows a paladin to protect their allies from being Charmed.","https://bg3.wiki/wiki/Aura_of_Devotion"
"Aura of Hate","Aura of Hate is a class action of Oathbreaker paladins. It gives bonus damage to the paladin and any nearby weapon-using fiends or undead.","https://bg3.wiki/wiki/Aura_of_Hate"
"Aura of Protection","Aura of Protection is a Paladin class action which improves the Paladin's and all nearby allies' Saving Throws.","https://bg3.wiki/wiki/Aura_of_Protection"
"Aura of Warding","Aura of Warding is an Oath of the Ancients paladin class action. This ability allows a paladin to protect their allies from damage from spells.","https://bg3.wiki/wiki/Aura_of_Warding"
"Bane","Bane may refer to: Bane, the deity and member of the Dead Three Bane (Condition), the condition applied by the Bane spell Bane (Spell), the level 1 enchantment spell","https://bg3.wiki/wiki/Bane"
"Banishing Smite","Banishing Smite is a level 5 abjuration spell. It allows spellcasters to imbue their weapon with power, dealing force damage and possibly Banishing the target.","https://bg3.wiki/wiki/Banishing_Smite"
"Barkskin","Barkskin is a level 2 transmutation spell. It allows spellcasters to fortify the defense of a willing creature and increase their Armour Class. While under the effect of this spell, the target's skin has a bark-like texture.","https://bg3.wiki/wiki/Barkskin"
"Beacon of Hope","Beacon of Hope is a level 3 abjuration spell. It allows spellcasters to bolster their allies with hope and vitality.","https://bg3.wiki/wiki/Beacon_of_Hope"
"Bear Companion","Bear Companion is a variant of Ranger's Companion which is a Subclass Feature of Rangers learned immediately upon choosing the Beast Master subclass. This ability allows the Beast Master to call upon their animal companion to fight and aid them in combat.","https://bg3.wiki/wiki/Bear_Companion"
"Beguiling Defences","Beguiling Defences is an Archfey Warlock passive feature that makes the Warlock immune to charm.","https://bg3.wiki/wiki/Beguiling_Defences"
"Bend Luck","Bend Luck is both a free action and reaction available to Wild Magic sorcerers that grants a bonus or penalty to a target's attack roll, ability check, or saving throw.","https://bg3.wiki/wiki/Bend_Luck"
"Benign Transposition","Benign Transposition Teleport is a Conjuration School Wizard class action that you can use to teleport near or swap places with an ally. This ability can be replenished by casting a Conjuration spell or resting.","https://bg3.wiki/wiki/Benign_Transposition%3A_Teleport"
"Bestial Fury","Bestial Fury is a Beast Master Ranger passive feature that enhances your companions by granting them the ability to make a second attack along with their first attack, similar to the Extra Attack class feature.","https://bg3.wiki/wiki/Bestial_Fury"
"Bestow Curse","Bestow Curse is a level 3 necromancy spell. It allows spellcasters to curse a target with their touch.","https://bg3.wiki/wiki/Bestow_Curse"
"Bind Hexed Weapon","Bind Hexed Weapon is a class action available to The Hexblade warlocks that allows them to bind a weapon and apply Hexblade curses.","https://bg3.wiki/wiki/Bind_Hexed_Weapon"
"Blade Flourish","Blade Flourish is an enhancement to Bardic Inspiration available to College of Swords Bards at Level 3 that provides a series of Weapon Action-like actions that all require a Bardic Inspiration Charge to use. Normal Bardic Inspiration actions are still available to College of Swords Bards.","https://bg3.wiki/wiki/Blade_Flourish"
"Blade of Rime","Blade of Rime is an action that allows a Way of the Four Elements Monk to use their equivalent of Ice Knife by expending Ki Points instead of spell slots.","https://bg3.wiki/wiki/Blade_of_Rime"
"Bladesong","Bladesong is the signature ability of Bladesinging wizards.","https://bg3.wiki/wiki/Bladesong"
"Blessed Healer","Blessed Healer is a Life Domain Cleric passive feature that heals the Cleric whenever it heals someone other than itself for 2 + the spell's level⁠⁠Hit Points.","https://bg3.wiki/wiki/Blessed_Healer"
"Blight","Blight is a level 4 necromancy spell. It allows spellcasters to drain the moisture and vitality from a target creature using necromantic energy. It is especially effective versus plants.","https://bg3.wiki/wiki/Blight"
"Blindness","Blindness is a level 2 necromancy spell. It allows spellcasters to magically Blind a targeted hostile creature.","https://bg3.wiki/wiki/Blindness"
"Blink","Blink is a level 3 transmutation spell. It allows the spellcaster to travel to the Ethereal Plane, unassailable and unseen until they return.","https://bg3.wiki/wiki/Blink"
"Blur","Blur is a level 2 illusion spell. It blurs the spellcaster's body, making them harder to hit.","https://bg3.wiki/wiki/Blur"
"Boar Companion","Boar Companion is a variant of Ranger's Companion which is a Subclass Feature of Rangers learned immediately upon choosing the Beast Master subclass. This ability allows the Beast Master to call upon their animal companion to fight and aid them in combat.","https://bg3.wiki/wiki/Boar_Companion"
"Bolstering Magic: Boon","Bolstering Magic: Boon is a Wild Magic Barbarian class action. This ability gives bonuses to attack rolls and ability checks for up to a minute, once per long rest.","https://bg3.wiki/wiki/Bolstering_Magic%3A_Boon"
"Bolstering Magic: Level 1 Spell Slot","Bolstering Magic: Level 1 Spell Slot is a Wild Magic Barbarian class action. This ability recovers a level 1 spell slot for you or an ally, once per long rest.","https://bg3.wiki/wiki/Bolstering_Magic%3A_Level_1_Spell_Slot"
"Bolstering Magic: Level 2 Spell Slot","Bolstering Magic: Level 2 Spell Slot is a Wild Magic Barbarian class action. This ability recovers a level 2 spell slot for you or an ally, once per long rest.","https://bg3.wiki/wiki/Bolstering_Magic%3A_Level_2_Spell_Slot"
"Bolstering Magic: Level 3 Spell Slot","Bolstering Magic: Level 3 Spell Slot is a Wild Magic Barbarian class action. This ability recovers a level 3 spell slot for you or an ally, once per long rest.","https://bg3.wiki/wiki/Bolstering_Magic%3A_Level_3_Spell_Slot"
"Bone Chill","Bone Chill is a cantrip (Necromancy). It deals ⁠Necrotic damage and prevents the target from regaining Hit Points.","https://bg3.wiki/wiki/Bone_Chill"
"Boot of the Giants","Boot of the Giants is a Giant barbarian class action that allows them to send enemies flying with a swift kick.","https://bg3.wiki/wiki/Boot_of_the_Giants"
"Branding Smite","Branding Smite is a level 2 evocation spell. It allows spellcasters to cause their weapon to gleam with astral radiance, allowing them to mark targets with light, preventing them from turning Invisible.","https://bg3.wiki/wiki/Branding_Smite"
"Brutal Critical","Brutal Critical is a Barbarian passive feature. The barbarian makes their critical hits even deadlier.","https://bg3.wiki/wiki/Brutal_Critical"
"Burning Hands","Burning Hands is a level 1 evocation spell. It allows spellcasters to shoot a flaming cone from their fingertips and deal ⁠Fire damage to enemies.","https://bg3.wiki/wiki/Burning_Hands"
"Call Lightning","Call Lightning is a level 3 conjuration spell. It allows spellcasters to call down lightning to hit all targets within the area of effect. The spellcaster can also call down lightning repeatedly on subsequent turns.","https://bg3.wiki/wiki/Call_Lightning"
"Calm Emotions","Calm Emotions is a level 2 enchantment spell. It allows spellcasters to magically subdue intense emotions in targeted creatures. The affected target becomes neutral to the creatures it was hostile toward. It also cannot be Charmed or Frightened during the duration of the spell.","https://bg3.wiki/wiki/Calm_Emotions"
"Champion Challenge","Champion Challenge is a Channel Oath action available to Oath of the Crown paladins which penalizes the challenged target with Disadvantage on attacks when attacking anyone but the paladin.","https://bg3.wiki/wiki/Champion_Challenge"
"Charm Animals and Plants","Charm Animals and Plants is a class action available to Nature Domain clerics. This ability allows these clerics to reduce the aggressiveness of nearby fauna and flora.","https://bg3.wiki/wiki/Charm_Animals_and_Plants"
"Cheeky Tipple","Cheeky Tipple is a Way of the Drunken Master monk passive feature that prevents the effects of being intoxicated.","https://bg3.wiki/wiki/Cheeky_Tipple"
"Chill of the Mountain","Chill of the Mountain is an action that allows a Way of the Four Elements monk to hit with cold damage and reduce the movement speed of their opponent. This action is the monk's equivalent of Ray of Frost.","https://bg3.wiki/wiki/Chill_of_the_Mountain"
"Clench of the North Wind","Clench of the North Wind is an action that allows a Way of the Four Elements monk to cast their equivalent of Hold Person by expending Ki Points instead of spell slots.","https://bg3.wiki/wiki/Clench_of_the_North_Wind"
"Cloak of Shadows","Cloak of Shadows is a Way of Shadow monk class action. It allows a monk to enter the shadows and disappear from sight.","https://bg3.wiki/wiki/Cloak_of_Shadows"
"Cloud of Jellyfish","Cloud of Jellyfish is passive feature available to Swarmkeepers. It turns the Gathered Swarm into jellyfish that deal ⁠Lightning damage and can shock enemies. This feature can be switched out at level up.","https://bg3.wiki/wiki/Cloud_of_Jellyfish"
"Cloudkill","Cloudkill is a level 5 conjuration spell. It conjures a moveable cloud which damages and obscures everything it envelops.","https://bg3.wiki/wiki/Cloudkill"
"Coast","Coast is a passive feature available to Circle of the Land Druids that pick this as their Land. It grants a couple extra spells every two levels","https://bg3.wiki/wiki/Coast"
"Colossus Slayer","Colossus Slayer is a Hunter Ranger passive feature. This ability allows them to deal extra damage to targets whose Hit Points are below the maximum value.","https://bg3.wiki/wiki/Colossus_Slayer"
"Combat Inspiration","Combat Inspiration is a passive feature and class action available to College of Valour Bards. This ability is an enhanced version of Bardic Inspiration that adds the ability to increase the target's armour class or damage.","https://bg3.wiki/wiki/Combat_Inspiration"
"Combat Wild Shape","Combat Wild Shape is a Circle of the Moon druid bonus action that allows them to Wild Shape. They gain access to all base druid wild shape forms as well as their own exclusive forms.","https://bg3.wiki/wiki/Combat_Wild_Shape"
"Command","Command is a level 1 enchantment spell. It allows spellcasters to order their target to flee, move closer, freeze, drop to the ground, or drop their weapon.","https://bg3.wiki/wiki/Command"
"Companion's Bond","Companion's Bond is a Beast Master Ranger passive feature that enhances your companion.","https://bg3.wiki/wiki/Companion's_Bond"
"Compelled Duel","Compelled Duel is a level 1 enchantment spell. It allows spellcasters to compel an enemy to ignore other targets and attack only the spellcaster.","https://bg3.wiki/wiki/Compelled_Duel"
"Cone of Cold","Cone of Cold is a level 5 evocation spell. It allows spellcasters to blast icy air into a region in front of them, damaging affected creatures and turning existing Water surfaces into Ice Surfaces.","https://bg3.wiki/wiki/Cone_of_Cold"
"Confusion","Confusion is a level 4 enchantment spell. It allows the caster to confuse a group of creatures, drastically reducing their effectiveness in combat.","https://bg3.wiki/wiki/Confusion"
"Conjure Elemental","Conjure Elemental is a level 5 conjuration spell. It allows spellcasters to summon a Fire, Earth, Water, or Air Elemental.","https://bg3.wiki/wiki/Conjure_Elemental"
"Conjure Minor Elemental","Conjure Minor Elemental is a level 4 conjuration spell. It conjures 2 Mud Mephits, 2 Ice Mephits, or an Azer to fight for you.","https://bg3.wiki/wiki/Conjure_Minor_Elemental"
"Contagion","Contagion is a level 5 necromancy spell. It allows spellcasters to infect their target with an affliction of their choosing, potentially resulting in the target contracting a disease.","https://bg3.wiki/wiki/Contagion"
"Control Undead","Control Undead is a Channel Oath action available to those that have chosen the path of the Oathbreaker paladin. This ability allows these paladins to gain control over the undead.","https://bg3.wiki/wiki/Control_Undead"
"Controlled Chaos","Controlled Chaos is a Wild Magic Sorcerer reaction that triggers a Wild Magic effect after an enemy spellcaster casts a spell.","https://bg3.wiki/wiki/Controlled_Chaos"
"Cosmic Omen","Cosmic Omen is a passive feature that allows Circle of the Stars druids to consult the stars.","https://bg3.wiki/wiki/Cosmic_Omen"
"Create or Destroy Water","Create or Destroy Water is a level 1 transmutation spell. It allows spellcasters to conjure or destroy an area of water (or water-like surfaces).","https://bg3.wiki/wiki/Create_or_Destroy_Water"
"Crown of Madness","Crown of Madness is a level 2 enchantment spell. It allows spellcasters to temporarily charm a humanoid creature and induce madness in their mind. The affected creature then makes a melee attack against any creature aside from the caster within its reach.","https://bg3.wiki/wiki/Crown_of_Madness"
"Crusader's Mantle","Crusader's Mantle is a level 3 evocation spell. It allows spellcasters to imbue their allies' weapons with holy power, causing them to deal additional Radiant damage.","https://bg3.wiki/wiki/Crusader's_Mantle"
"Curving Shot","Curving Shot is an Arcane Archer fighter passive feature/reaction that allows the fighter to redirect a missed ranged weapon attack towards another nearby enemy.","https://bg3.wiki/wiki/Curving_Shot"
"Cutting Words","Cutting Words is a reaction available to the College of Lore bards. It allows them to distract and confuse their foes, potentially causing attacks to miss, or ability checks or saving throws to fail.","https://bg3.wiki/wiki/Cutting_Words"
"Dampen Elements","Dampen Elements is a Nature Domain cleric passive feature and reaction. This ability allows the cleric to use a reaction and grant the player or one of their companions receiving elemental damage Resistance to that type.","https://bg3.wiki/wiki/Dampen_Elements"
"Danger Sense","Danger Sense is a Barbarian passive feature that gives you Advantage on Dexterity Saving Throws against traps, Spells, and surfaces as long as you aren't Blinded or Incapacitated.","https://bg3.wiki/wiki/Danger_Sense"
"Dark One's Blessing","Dark One's Blessing is a passive feature unique to The Fiend Warlock subclass that gives the Warlock temporary Hit Points when killing hostile creatures.","https://bg3.wiki/wiki/Dark_One's_Blessing"
"Dark One's Own Luck","Dark One's Own Luck is a toggleable passive feature unique to The Fiend Warlock subclass that adds 1d10 to an Ability Check every Short Rest.","https://bg3.wiki/wiki/Dark_One's_Own_Luck"
"Darkness","Darkness is a level 2 evocation spell. It allows spellcasters to conjure a cloud of darkness in an area within range which obscures and inflicts Blindness to those within it.","https://bg3.wiki/wiki/Darkness"
"Daylight","Daylight is a level 3 evocation spell. It allows spellcasters to dispel darkness by summoning a sphere of light or enchanting an item to shine like the sun.","https://bg3.wiki/wiki/Daylight"
"Death Ward","Death Ward is a level 4 abjuration spell. It allows spellcasters to prevent a target from dying.","https://bg3.wiki/wiki/Death_Ward"
"Defensive Flourish (Melee)","Defensive Flourish (Melee) is a College of Swords bard weapon action. This flourish manoeuvre allows the bard to spend Bardic Inspiration to enter a defensive stance after making a melee weapon attack which increases Armour Class by 4.","https://bg3.wiki/wiki/Defensive_Flourish_(Melee)"
"Defensive Flourish (Ranged)","Defensive Flourish (Ranged) is a College of Swords bard weapon action. This flourish manoeuvre allows the bard to spend Bardic Inspiration to enter a defensive stance after making a ranged weapon attack which increases Armour Class by 4.","https://bg3.wiki/wiki/Defensive_Flourish_(Ranged)"
"Desert","Desert is a passive feature available to Circle of the Land Druids that pick this as their Land. It grants a couple extra spells every two levels.","https://bg3.wiki/wiki/Desert"
"Destroy Undead","Destroy Undead is a Cleric passive feature that deals 4d6⁠⁠Radiant damage to creatures affected by Turn Undead.","https://bg3.wiki/wiki/Destroy_Undead"
"Destructive Wave","Destructive Wave is a level 5 evocation spell. It allows the caster to create a massive shockwave that damages enemies and can possibly knock them prone.","https://bg3.wiki/wiki/Destructive_Wave"
"Destructive Wrath","Destructive Wrath is a reaction available to Tempest Domain clerics. This ability allows these clerics to maximise Thunder and Lightning damage rolls by expending a Channel Divinity Charge.","https://bg3.wiki/wiki/Destructive_Wrath"
"Detect Thoughts","Detect Thoughts is a level 2 divination spell. It allows spellcasters to telepathically link to unprotected minds and hear the thoughts of targeted creatures while talking to them.","https://bg3.wiki/wiki/Detect_Thoughts"
"Dimension Door","Dimension Door is a level 4 conjuration spell. It teleports the caster and an ally.","https://bg3.wiki/wiki/Dimension_Door"
"Dire Raven Companion","Dire Raven Companion is a variant of Ranger's Companion which is the signature Beast Master subclass feature. This ability allows the Beast Master to summon a raven companion to fight and aid them in combat. Only one beast companion of any time can be summoned at once.","https://bg3.wiki/wiki/Dire_Raven_Companion"
"Dirty Trick: Flick o' the Wrist","Dirty Trick: Flick o' the Wrist is a weapon action available only to Swashbuckler rogues.","https://bg3.wiki/wiki/Dirty_Trick%3A_Flick_o'_the_Wrist"
"Dirty Trick: Sand Toss","Dirty Trick: Sand Toss is a class action available to Swashbuckler rogues.","https://bg3.wiki/wiki/Dirty_Trick%3A_Sand_Toss"
"Dirty Trick: Vicious Mockery","Dirty Trick: Vicious Mockery is a cantrip (Enchantment). It is only available to Swashbuckler rogues.","https://bg3.wiki/wiki/Dirty_Trick%3A_Vicious_Mockery"
"Disguise Self","Disguise Self is a level 1 illusion spell. It allows spellcasters to temporarily change their appearance. While active, gain access to the action Dispel Disguise to end the effect.","https://bg3.wiki/wiki/Disguise_Self"
"Dissonant Whispers","Dissonant Whispers is a level 1 enchantment spell. It allows spellcasters to fill a target with terror and deal ⁠Psychic damage to them.","https://bg3.wiki/wiki/Dissonant_Whispers"
"Divine Allegiance","Divine Allegiance is a passive feature available to Oath of the Crown paladins which allows them to heal an adjacent ally when they take damage, at the cost of taking damage themselves.","https://bg3.wiki/wiki/Divine_Allegiance"
"Divine Intervention","Divine Intervention is a Cleric one-time free action that can perform one of several large-scale actions.","https://bg3.wiki/wiki/Divine_Intervention"
"Divine Strike: Elemental Fury","Divine Strike: Elemental Fury is a Nature Domain cleric weapon action and reaction that deals extra Cold, Fire, or Lightning damage upon a weapon strike (either melee or ranged).","https://bg3.wiki/wiki/Divine_Strike%3A_Elemental_Fury"
"Divine Strike: Necrotic","Divine Strike: Necrotic (Ranged) is a Death Domain cleric weapon action and reaction that deals extra necrotic damage upon a ranged weapon strike.","https://bg3.wiki/wiki/Divine_Strike%3A_Necrotic_(Ranged)"
"Divine Strike: Poison","Divine Strike: Poison (Melee) is a Trickery Domain cleric weapon action and reaction that deals extra poison damage upon a melee weapon strike.","https://bg3.wiki/wiki/Divine_Strike%3A_Poison_(Melee)"
"Divine Strike: Radiant","Divine Strike: Radiant (Melee) is a Life Domain cleric weapon action and reaction that deals extra radiant damage upon a melee weapon strike.","https://bg3.wiki/wiki/Divine_Strike%3A_Radiant_(Melee)"
"Divine Strike: Thunder","Divine Strike: Thunder is a Tempest Domain cleric weapon action and reaction that deals extra thunder damage upon a weapon strike (either melee or ranged).","https://bg3.wiki/wiki/Divine_Strike%3A_Thunder"
"Divine Strike: Weapon","Divine Strike: Weapon is a War Domain cleric weapon action and reaction that deals extra damage upon a weapon strike (either melee or ranged).","https://bg3.wiki/wiki/Divine_Strike%3A_Weapon"
"Dominate Beast","Dominate Beast is a level 4 enchantment spell. It allows spellcasters to temporarily charm a Beast into fighting alongside the caster, rather than against them.","https://bg3.wiki/wiki/Dominate_Beast"
"Dominate Person","Dominate Person is a level 5 enchantment spell. It allows spellcasters to force a humanoid to temporarily fight as an ally.","https://bg3.wiki/wiki/Dominate_Person"
"Draconic Resilience","Draconic Resilience is a Draconic Bloodline Sorcerer passive feature that raises the Sorcerer's base Armour Class to 13 when not wearing armour.","https://bg3.wiki/wiki/Draconic_Resilience"
"Dread Ambusher","Dread Ambusher is a Gloom Stalker Ranger passive feature that makes you deadly on the first turn of combat.","https://bg3.wiki/wiki/Dread_Ambusher"
"Dread Ambusher: Hide","Dread Ambusher: Hide is a Gloom Stalker Ranger bonus action. This ability allows Gloom Stalkers to use their bonus action to Hide from view.","https://bg3.wiki/wiki/Dread_Ambusher%3A_Hide"
"Dreadful Aspect","Dreadful Aspect is a Channel Oath action available to paladins that have chosen the path of the Oathbreaker. This ability allows these paladins to channel their dark emotions to frighten their enemies.","https://bg3.wiki/wiki/Dreadful_Aspect"
"Drunkard's Luck","Drunkard's Luck is a Way of the Drunken Master monk passive feature that allows them to succeed difficult rolls.","https://bg3.wiki/wiki/Drunkard's_Luck"
"Drunken Performance","Drunken Performance is a Way of the Drunken Master monk passive feature that grants Performance proficiency.","https://bg3.wiki/wiki/Drunken_Performance"
"Drunken Technique","Drunken Technique is a Way of the Drunken Master monk class action. It is an enhanced variant of Flurry of Blows that grants additional movement.","https://bg3.wiki/wiki/Drunken_Technique"
"Duelling","Duelling is a fighting style passive feature.","https://bg3.wiki/wiki/Duelling"
"Eldritch Strike","Eldritch Strike is an Eldritch Knight Fighter passive feature. This allows the Fighter to force a creature to have Disadvantage on its next Saving Throw by a mere weapon attack.","https://bg3.wiki/wiki/Eldritch_Strike"
"Elemental Affinity: Damage","Elemental Affinity: Damage is a Draconic Bloodline Sorcerer passive feature that adds extra damage based on your Charisma Modifier to every spell you cast so long as it is the same type as your bloodline.","https://bg3.wiki/wiki/Elemental_Affinity%3A_Damage"
"Elemental Affinity: Resistance","Elemental Affinity: Resistance is a Draconic Bloodline Sorcerer passive feature/reaction that grants you Resistance to the element matching your Draconic Bloodline","https://bg3.wiki/wiki/Elemental_Affinity%3A_Resistance"
"Elemental Cleaver","Elemental Cleaver is a Giant barbarian class action that allows them to add elemental damage to their weapons and gives them the Thrown property, as well as the ability to return once thrown.","https://bg3.wiki/wiki/Elemental_Cleaver"
"Elemental Weapon","Elemental Weapon is a level 3 transmutation spell. It imbues a weapon with a chosen energy type, increasing its damage and accuracy.","https://bg3.wiki/wiki/Elemental_Weapon"
"Embrace of the Inferno","Embrace of the Inferno is a class action that allows a Way of the Four Elements monk to cast their equivalent of Scorching Ray by expending Ki Points instead of spell slots.","https://bg3.wiki/wiki/Embrace_of_the_Inferno"
"Empowered Evocation","Empowered Evocation is an Evocation School Wizard passive feature which increases the damage of the caster's Evocation spells by their Intelligence modifier.","https://bg3.wiki/wiki/Empowered_Evocation"
"Enraged Throw","Enraged Throw is a Berserker barbarian bonus action. This ability allows the Berserker to make a ranged attack using nearby items or creatures.","https://bg3.wiki/wiki/Enraged_Throw"
"Ensnaring Strike","Ensnaring Strike is a level 1 conjuration spell. This spell allows spellcasters to use weapon attacks to ensnare enemies with thorny vines and deal ⁠Piercing damage to them each turn.","https://bg3.wiki/wiki/Ensnaring_Strike"
"Entropic Ward","Entropic Ward is a passive feature/reaction unique to The Great Old One Warlock subclass.","https://bg3.wiki/wiki/Entropic_Ward"
"Escape the Horde","Escape the Horde is a Hunter Ranger passive feature that allow you to more safely escape the reach of an enemy.","https://bg3.wiki/wiki/Escape_the_Horde"
"Evard's Black Tentacles","Evard's Black Tentacles is a level 4 conjuration spell. It summons tentacles in an area that make it difficult to move and harm creatures.","https://bg3.wiki/wiki/Evard's_Black_Tentacles"
"Evasion","Evasion is a Monk and Rogue passive feature that lets them evade area of effect damage which require Dexterity Saving Throws, reducing or entirely negating the damage.","https://bg3.wiki/wiki/Evasion"
"Exceptional Training","Exceptional Training is a Beast Master Ranger passive feature that enhances your companion. They can now take several common actions as bonus actions.","https://bg3.wiki/wiki/Exceptional_Training"
"Experimental Alchemy","Experimental Alchemy is a Transmutation School Wizard passive feature that enhances your mastery over alchemy. Whenever you combine extracts, you can brew two solutions instead of one provided you succeed a Medicine check.","https://bg3.wiki/wiki/Experimental_Alchemy"
"Expert Divination","Expert Divination is a Divination School Wizard passive feature which grants an additional Portent Die and allows its user to fulfill prophecies to restore any spent Portent Dice each short rest. These prophecies typically entail casting a spell from a specific school or dealing a specific type of damage.","https://bg3.wiki/wiki/Expert_Divination"
"Expertise","Expertise is a passive feature that allows a character to double their Proficiency bonus on Skills.","https://bg3.wiki/wiki/Expertise_(passive_feature)"
"Extra Attack","Extra Attack is a passive feature that allows you to make an additional attack when making an Attack Action.","https://bg3.wiki/wiki/Extra_Attack"
"Eyes of the Dark","Eyes of the Dark is a passive feature that prevents Disadvantage when attacking creatures in the dark within 24 m (80 ft), double the distance of normal Darkvision.","https://bg3.wiki/wiki/Eyes_of_the_Dark"
"Eyes of the Dark: Darkness","Eyes of the Dark: Darkness is a level 2 evocation spell. It creates a dark cloud that heavily obscures and blinds all creatures inside, while the caster also gains a condition to see in this darkness for the spell's duration.","https://bg3.wiki/wiki/Eyes_of_the_Dark%3A_Darkness"
"Faerie Fire","Faerie Fire is a level 1 evocation spell. It allows spellcasters to conjure brilliant light. Any creature caught in the radius temporarily sheds faint light and prevents Invisibility.","https://bg3.wiki/wiki/Faerie_Fire"
"Fancy Footwork","Fancy Footwork is a passive feature available to Swashbuckler rogues which prevents the targets of their melee attacks from taking opportunity attacks against them.","https://bg3.wiki/wiki/Fancy_Footwork"
"Fangs of the Fire Snake","Fangs of the Fire Snake is an action that allows a Way of the Four Elements monk to hit an enemy with an unarmed strike from range, dealing bonus 1d10⁠⁠Fire damage and buffing subsequent attacks with 1d4⁠⁠Fire damage.","https://bg3.wiki/wiki/Fangs_of_the_Fire_Snake"
"Fast Hands","Fast Hands is a Thief Rogue passive feature that grants an extra Bonus Action","https://bg3.wiki/wiki/Fast_Hands"
"Fast Movement","Fast Movement is a Barbarian passive feature that increases your Movement Speed by 3m / 10ft while not wearing Heavy Armour.","https://bg3.wiki/wiki/Fast_Movement"
"Fear","Fear is a level 3 illusion spell. It allows spellcasters to terrify targets by projecting phantasmal images, forcing enemies to flee.","https://bg3.wiki/wiki/Fear"
"Feral Instinct","Feral Instinct is a Barbarian passive feature. The barbarian is always ready for battle and can't be caught off-guard.","https://bg3.wiki/wiki/Feral_Instinct"
"Fey Presence","Fey Presence is an Archfey Warlock class action. This ability allows the Warlock to charm or frighten enemies at short range.","https://bg3.wiki/wiki/Fey_Presence"
"Fiendish Resilience","Fiendish Resilience is a free action unique to The Fiend warlock subclass that lets the warlock choose a damage type to be resistant to every Short Rest.","https://bg3.wiki/wiki/Fiendish_Resilience"
"Fighting Style (Choose 1)","A fighting style is a class feature available to multiple classes and subclasses, which increases their combat efficacy with certain weapons and armour. Once learned, fighting styles are permanently active and cannot be disabled. Respeccing with Withers can remove or change a chosen fighting style. Protection is the only Fighting Style which allows the character to choose whether or not it is applied, as a Reaction. Each fighting style can only be chosen once. The Champion Fighter is the only class/subclass in the game that is able to learn two fighting styles without multiclassing. If multiple fighting styles are learned, they all apply as normal. A character dual wielding Hand Crossbows with both Archery and Two-Weapon Fighting gains +2 to attack rolls with both weapons, and adds their Dexterity modifier to the off-hand weapon's damage.","https://bg3.wiki/wiki/Fighting_style"
"Fire Shield","Fire Shield is a level 4 evocation spell. It shields the spellcaster with luminous energy.","https://bg3.wiki/wiki/Fire_Shield"
"Fireball","Fireball is a level 3 evocation spell. It allows spellcasters to unleash a streak of fire from their hands which ignites into a large explosion at a chosen point within range.","https://bg3.wiki/wiki/Fireball"
"Fist of Four Thunders","Fist of Four Thunders is an action that allows a Way of the Four Elements monk to push creatures and objects away. It is the monk equivalent of Thunderwave.","https://bg3.wiki/wiki/Fist_of_Four_Thunders"
"Fist of Unbroken Air","Fist of Unbroken Air is an action that allows a Way of the Four Elements monk to punch an enemy at distance, sending them flying backwards.","https://bg3.wiki/wiki/Fist_of_Unbroken_Air"
"Flame Strike","Flame Strike is a level 5 evocation spell. It allows the caster to make a pillar of divine flame at a chosen location dealing 5d6⁠⁠Fire damage and 5d6⁠⁠Radiant damage.","https://bg3.wiki/wiki/Flame_Strike"
"Flames of the Phoenix","Flames of the Phoenix is an action that allows a Way of the Four Elements monk to cast their equivalent of Fireball by expending Ki Points instead of spell slots.","https://bg3.wiki/wiki/Flames_of_the_Phoenix"
"Flaming Sphere","Flaming Sphere is a level 2 conjuration spell. It allows spellcasters to conjure a Flaming Sphere which can attack and burn enemies.","https://bg3.wiki/wiki/Flaming_Sphere"
"Flurry of Blows: Push","Flurry of Blows: Push is a Way of the Open Hand monk class action. It is an enhanced variant of Flurry of Blows that can potentially push the target away.","https://bg3.wiki/wiki/Flurry_of_Blows%3A_Push"
"Flurry of Blows: Stagger","Flurry of Blows: Stagger is a Way of the Open Hand monk class action. It is an enhanced variant of Flurry of Blows that will stagger the target, preventing it from using Reactions.","https://bg3.wiki/wiki/Flurry_of_Blows%3A_Stagger"
"Flurry of Blows: Topple","Flurry of Blows: Topple is a Way of the Open Hand monk class action. It is an enhanced variant of Flurry of Blows that can potentially knock a target Prone.","https://bg3.wiki/wiki/Flurry_of_Blows%3A_Topple"
"Flurry of Moths","Flurry of Moths is passive feature available to Swarmkeepers. It turns the Gathered Swarm into moths that deal ⁠Psychic damage and can blind enemies. This feature can be switched out at level up.","https://bg3.wiki/wiki/Flurry_of_Moths"
"Fly","Fly may refer to: Fly (bonus action), the class action granted by Helldusk Armour which grants Flight. Fly (class action), the movement action commonly used by flying creatures as well as with the Flight condition. Fly (Dire Raven Companion), the movement action used by the raven animal companion. Fly (Dragons), the movement action used by dragons. Fly (Illithid Power), the movement action used by partial-illithids. Fly (Spiritual Weapon), the movement action used by Spiritual Weapons. Fly (Starry Form), the movement action used by Circle of the Stars druids. See also: Flight, the condition which grants the Fly action. Grant Flight, the transmutation spell that grants flight which is named Fly in the tabletop. Ride the Wind, the monk class action equivalent to the spell. Levitate, the movement action used by full-illithids Tempestuous Magic: Flight, the bonus action used by Storm sorcerers.","https://bg3.wiki/wiki/Fly"
"Focused Conjuration","Focused Conjuration is a Conjuration School Wizard passive feature that prevents the caster from losing concentration on Conjuration spells.","https://bg3.wiki/wiki/Focused_Conjuration"
"Forest","The Forest is a Location within the Wilderness in Act One of Baldur's Gate 3. It is found west of the Emerald Grove and encompasses the entirety of the Blighted Village. “ Nothing like a brisk stroll through the forest to invigorate the spirit <...> And without so much as a stirring from our tadpoles. „ — Gale, bantering with Karlach","https://bg3.wiki/wiki/Forest"
"Freedom of Movement","Freedom of Movement is a level 4 abjuration spell. It allows spellcasters to imbue an ally with the ability to avoid some slowing effects.","https://bg3.wiki/wiki/Freedom_of_Movement"
"Frenzied Strike","Frenzied Strike is a Berserker barbarian bonus action. This ability allows the Berserker to make a melee attack as a bonus action once per turn while frenzied.","https://bg3.wiki/wiki/Frenzied_Strike"
"Frenzy","Frenzy is a Berserker barbarian bonus action that is a variant of Rage. It turns the Berserker's anger into an uncontrollable fury and grants additional abilities in addition to those from Rage. Wearing Heavy Armour triggers the Rage Impeded condition, removing some benefits of Frenzy.","https://bg3.wiki/wiki/Frenzy"
"Fungal Infestation","Fungal Infestation is a action gained by Circle of the Spores druids at level 6 that allows them to raise a Fungal Zombie from a nearby corpse using a resource exclusive to this action.","https://bg3.wiki/wiki/Fungal_Infestation"
"Gaseous Form","Gaseous Form is a level 3 transmutation spell. It allows spellcasters to transform themselves or an ally into a cloud of mist to avoid attacks, reduce size, and gain Advantage on some Saving Throws.","https://bg3.wiki/wiki/Gaseous_Form"
"Giant Killer","Giant Killer is a Hunter ranger passive feature and reaction. This ability allows rangers to retaliate with a melee attack using their reactions when attacked by a large creature.","https://bg3.wiki/wiki/Giant_Killer"
"Giant's Rage","Giant's Rage is a Giant barbarian class action that is a variant of Rage. This ability channels the barbarian's rage towards throwing objects and people. Like other rage abilities, wearing Heavy Armour triggers the Rage Impeded condition, removing some benefits of Giant's Rage.","https://bg3.wiki/wiki/Giant's_Rage"
"Gong of the Summit","Gong of the Summit is an action that allows a Way of the Four Elements monk to cast their equivalent of Shatter by expending Ki Points instead of spell slots.","https://bg3.wiki/wiki/Gong_of_the_Summit"
"Grant Flight","Grant Flight is a level 3 transmutation spell. It allows spellcasters to grant a creature they touch the ability to fly.","https://bg3.wiki/wiki/Grant_Flight"
"Grasping Vine","Grasping Vine is a level 4 conjuration spell. It allows spellcasters to summon a Grasping Vine which can pull enemies toward itself.","https://bg3.wiki/wiki/Grasping_Vine"
"Grassland","Grassland is a passive feature available to Circle of the Land Druids that pick this as their Land. It grants a couple extra spells every two levels","https://bg3.wiki/wiki/Grassland"
"Greater Invisibility","Greater Invisibility is a level 4 illusion spell. It allows spellcasters to provide a more resilient form of Invisibility for their allies.","https://bg3.wiki/wiki/Greater_Invisibility"
"Greater Restoration","Greater Restoration is a level 5 abjuration spell. It allows spellcasters to removes any kind of charm, petrification, stun, or curse effect from a creature.","https://bg3.wiki/wiki/Greater_Restoration"
"Grim Harvest","Grim Harvest is a Necromancy School Wizard passive feature. It allows the caster to regain hit points every time they kill a creature with a spell. The amount regained is based on the spell slot level used, and is increased if a Necromancy spell is used.","https://bg3.wiki/wiki/Grim_Harvest"
"Guardian of Faith","Guardian of Faith is a level 4 conjuration spell. It allows spellcasters to summon a divine guardian which sacrifices its Hit Points to damage enemies.","https://bg3.wiki/wiki/Guardian_of_Faith"
"Guidance","Guidance is a cantrip (Divination). This cantrip allows spellcasters to grant a temporary bonus to a creature's ability checks.","https://bg3.wiki/wiki/Guidance"
"Guided Strike","Guided Strike is a Channel Divinity reaction available to War Domain clerics. This ability allows these clerics to apply a +10 bonus to their missed Attack Rolls, potentially turning them into hits. War Domain clerics additionally get War God's Blessing at a later level which applies the same effect to attacks by allies.","https://bg3.wiki/wiki/Guided_Strike"
"Guiding Bolt","Guiding Bolt is a level 1 evocation spell. It allows spellcasters to hit enemies with a bolt that deals ⁠Radiant damage and grants advantage to the next attack roll made against them.","https://bg3.wiki/wiki/Guiding_Bolt"
"Gust of Wind","Gust of Wind is a level 2 evocation spell. It allows spellcasters to conjure a squall to clear dangerous gasses or throw creatures back, potentially causing a dangerous fall.","https://bg3.wiki/wiki/Gust_of_Wind"
"Halo of Spores","Halo of Spores is a Circle of the Spores druid class action. It releases spores that deal necrotic damage to a nearby target.","https://bg3.wiki/wiki/Halo_of_Spores"
"Harmony of Fire and Water","Harmony of Fire and Water is a class action that allows the Way of the Four Elements Monk to recover half of their max Ki Points outside of combat, but can only be used once per long rest.","https://bg3.wiki/wiki/Harmony_of_Fire_and_Water"
"Haste","Haste is a level 3 transmutation spell. It allows spellcasters to allow their allies to become Hastened.","https://bg3.wiki/wiki/Haste"
"Healing Radiance","Healing Radiance is a Channel Oath bonus action available to Oath of the Ancients paladins. This ability allows these paladins to channel their oath to heal allies in an area over the course of 1 round.","https://bg3.wiki/wiki/Healing_Radiance"
"Heart of the Storm: Lightning","Heart of the Storm: Lightning is a Storm Sorcery Sorcerer free reaction, part of Heart of the Storm, that creates a storm that deals half your Sorcerer level, rounded down, when you cast a lightning spell.","https://bg3.wiki/wiki/Heart_of_the_Storm%3A_Lightning"
"Heart of the Storm: Resistance","Heart of the Storm: Resistance is a Storm Sorcery Sorcerer passive that gives you resistance to both Lightning and Thunder damage.","https://bg3.wiki/wiki/Heart_of_the_Storm%3A_Resistance"
"Heart of the Storm: Thunder","Heart of the Storm: Thunder is a free Storm Sorcery Sorcerer class reaction, part of Heart of the Storm, that creates a storm that deals half your Sorcerer level, rounded down, when you cast a thunder spell.","https://bg3.wiki/wiki/Heart_of_the_Storm%3A_Thunder"
"Hellish Rebuke","Hellish Rebuke is a level 1 evocation spell. It allows spellcasters to surround a creature in hellfire that deals ⁠Fire damage as a Reaction when taking damage from them.","https://bg3.wiki/wiki/Hellish_Rebuke"
"Hex Warrior","Hex Warrior is a passive feature granted to The Hexblade warlocks at level 1.","https://bg3.wiki/wiki/Hex_Warrior"
"Hexblade's Curse","Hexblade's Curse is a class action available to The Hexblade warlocks that allows them to curse targets.","https://bg3.wiki/wiki/Hexblade's_Curse"
"Hold Monster","Hold Monster is a level 5 enchantment spell. It allows spellcasters to Paralyse a creature, preventing them from acting and making them vulnerable to attacks.","https://bg3.wiki/wiki/Hold_Monster"
"Hold Person","Hold Person is a level 2 enchantment spell. It allows spellcasters to hold a target humanoid in place. The affected creature is unable to move or act and is more susceptible to attacks.","https://bg3.wiki/wiki/Hold_Person"
"Holy Rebuke","Holy Rebuke is a Channel Oath action available to Oath of Devotion paladins. This ability allows these paladins to grant a target a vengeful aura that damages the attacker each time the target is hit in melee.","https://bg3.wiki/wiki/Holy_Rebuke"
"Horde Breaker","Horde Breaker is a Hunter Ranger passive feature that grants you the ability to target two creatures next to each other.","https://bg3.wiki/wiki/Horde_Breaker"
"Hound of Ill Omen","Hound of Ill Omen is a Shadow Magic sorcerer class action which allows them to summon Nimbus, a shadow mastiff.","https://bg3.wiki/wiki/Hound_of_Ill_Omen"
"Hunter's Mark","Hunter's Mark is a level 1 divination spell. It allows spellcasters to mark a creature as their prey and deal additional ⁠Weapon damage to the targeted creature.","https://bg3.wiki/wiki/Hunter's_Mark"
"Hypnotic Gaze","Hypnotic Gaze is an Enchantment School wizard class action which hypnotises a creature, rendering it entirely incapacitated for a brief period. Additional actions can be spent to maintain this effect.","https://bg3.wiki/wiki/Hypnotic_Gaze"
"Hypnotic Pattern","Hypnotic Pattern is a level 3 illusion spell. It allows spellcasters to hypnotise all creatures within an area.","https://bg3.wiki/wiki/Hypnotic_Pattern"
"Ice Storm","Ice Storm is a level 4 evocation spell. It allows spellcasters to summon an ice storm to strike an area.","https://bg3.wiki/wiki/Ice_Storm"
"Illusory Self","Illusory Self is an Illusion School wizard passive feature and reaction that lets a character substitute a duplicate image of themselves when receiving an attack, causing the attacker to miss.","https://bg3.wiki/wiki/Illusory_Self"
"Improved Abjuration","Improved Abjuration is a passive feature of the Abjuration School Wizard. When you take a Short Rest, you can boost your Arcane Ward charges by your wizard level.","https://bg3.wiki/wiki/Improved_Abjuration"
"Improved Combat Superiority","Improved Combat Superiority is a Battle Master Fighter passive feature that increases the strength of their Maneuvers.","https://bg3.wiki/wiki/Improved_Combat_Superiority"
"Improved Critical Hit","Improved Critical Hit is a Champion Fighter passive feature that reduces the number they need to roll for a critical hit by 1.","https://bg3.wiki/wiki/Improved_Critical_Hit"
"Improved Divine Smite","Improved Divine Smite is a passive feature available to Paladins that adds extra damage to all of their weapon strikes. This damage stacks with all other sources.","https://bg3.wiki/wiki/Improved_Divine_Smite"
"Improved Elemental Casting","Improved Elemental Casting is a Way of the Four Elements Monk passive feature that improves the strength and damage of your Four Elements Spells.","https://bg3.wiki/wiki/Improved_Elemental_Casting"
"Improved Extra Attack","Improved Extra Attack is a Fighter passive feature that allows you to make 2 additional attacks when making an Attack Action.","https://bg3.wiki/wiki/Improved_Extra_Attack"
"Improved Minor Illusion","Improved Minor Illusion is a cantrip (Illusion). It is an upgraded version of Minor Illusion available to Illusion School wizards which only costs a Bonus Action.","https://bg3.wiki/wiki/Improved_Minor_Illusion"
"Improved Warding Flare","Improved Warding Flare is a Light Domain cleric reaction that complements Warding Flare to give these clerics the option to protect allies instead of themselves.","https://bg3.wiki/wiki/Improved_Warding_Flare"
"Indomitable","Indomitable is a Fighter passive feature/reaction that lets you reroll a failed Saving Throw. It is a free action, and therefore does not consume your Reaction when used.","https://bg3.wiki/wiki/Indomitable"
"Inescapable Destruction","Inescapable Destruction is a Death Domain cleric passive feature. It allows ⁠Necrotic dealt by the cleric to bypass Resistance to ⁠Necrotic damage.","https://bg3.wiki/wiki/Inescapable_Destruction"
"Infiltration Expertise","Infiltration Expertise is a class action that lets Assassin Rogues adopt the identity of a male or female of any humanoid race, though the type is selected the actual appearance is random. It is similar to the spell Disguise Self.","https://bg3.wiki/wiki/Infiltration_Expertise"
"Inflict Wounds","Inflict Wounds is a level 1 necromancy spell. It allows the spellcaster to make a melee attack which inflicts Necrotic damage.","https://bg3.wiki/wiki/Inflict_Wounds"
"Inquisitor's Might","Inquisitor's Might is a bonus action available to Oath of Vengeance paladins. This ability allows these paladins to grant a 2 turn single-target buff which causes their or their allies' weapon attacks to deal an additional ⁠Radiant damage and Daze enemies for 1 turn.","https://bg3.wiki/wiki/Inquisitor's_Might"
"Insect Plague","Insect Plague is a level 5 conjuration spell. It allows spellcasters to create a damaging, debilitating swarm of insects over a section of the battlefield.","https://bg3.wiki/wiki/Insect_Plague"
"Instinctive Charm","Instinctive Charm is an Enchantment School wizard passive feature and reaction that charms an attacker, interrupting and preventing the attack. If the target succeeds the Wisdom Saving Throw, it cannot be affected again until after a Long Rest.","https://bg3.wiki/wiki/Instinctive_Charm"
"Intimidating Presence","Intimidating Presence is a Berserker barbarian class action. This ability allows the barbarian instil fear into a enemy.","https://bg3.wiki/wiki/Intimidating_Presence"
"Intoxicating Strike","Intoxicating Strike is a Way of the Drunken Master monk class action. It allows a monk to intoxicate enemies on failed Constitution Saving Throws.","https://bg3.wiki/wiki/Intoxicating_Strike"
"Inured to Undeath","Inured to Undeath is a Necromancy School Wizard passive feature that enhances your mastery over death. You become resistant to Necrotic damage and cannot have your maximum hit points reduced.","https://bg3.wiki/wiki/Inured_to_Undeath"
"Invisibility","Invisibility commonly refers to: Invisibility (spell), the level 2 illusion spell Invisible (Condition), the condition granted by many abilities Invisibility may also refer to: Greater Invisibility, the stronger level 4 illusion spell Greater Invisibility (Condition), the condition granted by Greater Invisibility Invisibility (Air Myrmidon), the class action used by Air Myrmidons Invisibility (class action), the class action used by Yurgir Invisibility (Duergar), the racial class action available to Duergar Invisibility (Imp), the class action used by Imps Invisibility (Quasit), the class action used by the Quasit familiar Potion of Invisibility, a consummable item that grants invisibility See Invisibility (class action), the level 6 Illusion School Wizard class action See Invisibility (Condition), the condition See Invisibility (spell), the level 2 divination spell Scroll of Invisibility, a scroll that casts the spell Third Eye: See Invisibility, the level 10 Divination School Wizard class action","https://bg3.wiki/wiki/Invisibility_(disambiguation)"
"Invoke Duplicity","Invoke Duplicity is a Channel Divinity action available to Trickery Domain clerics which allows them to summon illusory duplicates of themselves. These illusions distract adjacent enemies giving allies advantage on attacks against them. Enemies may even target the illusions, wasting their actions.","https://bg3.wiki/wiki/Invoke_Duplicity"
"Iron Mind","Iron Mind is a Gloom Stalker Ranger passive feature that increases your defenses against certain mental attacks.","https://bg3.wiki/wiki/Iron_Mind"
"Ki Resonation: Blast","Ki Resonation: Blast is a Way of the Open Hand monk free action that allows to detonate the ki in anyone resonating with the monk. The explosion hits the creature and all creatures other than party members and summoned creatures nearby. Any additional targets hit by the explosion that are also resonating create additional explosions in a chain reaction.","https://bg3.wiki/wiki/Ki_Resonation%3A_Blast"
"Ki Resonation: Punch","Ki Resonation: Punch is a Way of the Open Hand monk class action that allows you to punch a target, activating the Ki within them. You can then detonate this Ki to cause an explosion.","https://bg3.wiki/wiki/Ki_Resonation%3A_Punch"
"Ki Resonation: Punch (bonus action)","Ki Resonation: Punch (Bonus Action) is a Way of the Open Hand monk bonus action that allows you to punch a target, activating the ki within them. You can then detonate this ki to cause an explosion.","https://bg3.wiki/wiki/Ki_Resonation%3A_Punch_(Bonus_Action)"
"Knowledge of the Ages","Knowledge of the Ages is a Channel Divinity action available to Knowledge Domain clerics. It allows these clerics to channel divine power, gaining proficiency in all skills of a chosen ability score.","https://bg3.wiki/wiki/Knowledge_of_the_Ages"
"Land's Stride: Difficult Terrain","Land's Stride: Difficult Terrain is a passive feature that makes it so that you are not slowed when traversing Difficult Terrain. It is the visible component of Land's Stride which includes additional hidden passives.","https://bg3.wiki/wiki/Land's_Stride%3A_Difficult_Terrain"
"Leap to Your Feet","Leap to Your Feet is a Way of the Drunken Master monk passive feature that helps them get up quicker from being prone.","https://bg3.wiki/wiki/Leap_to_Your_Feet"
"Legion of Bees","Legion of Bees is passive feature available to Swarmkeepers. It turns the Gathered Swarm into bees that deal ⁠Piercing damage and can push enemies away. This feature can be switched out at level up.","https://bg3.wiki/wiki/Legion_of_Bees"
"Lesser Restoration","Lesser Restoration is a level 2 abjuration spell. It allows the spellcaster to cure an adjacent creature.","https://bg3.wiki/wiki/Lesser_Restoration"
"Life of the Party","Life of the Party is a Way of the Drunken Master monk passive feature that grants bonuses against Drunk targets.","https://bg3.wiki/wiki/Life_of_the_Party"
"Light","Light is a cantrip (Evocation). It makes an object shed light in a small area.","https://bg3.wiki/wiki/Light"
"Lightning Bolt","Lightning Bolt is a level 3 evocation spell. It allows spellcasters to discharge a bolt of lightning in any direction, potentially hitting multiple creatures.","https://bg3.wiki/wiki/Lightning_Bolt"
"Lunar Mend","Lunar Mend is a Circle of the Moon druid bonus action. It allows wild shaped Moon druids to expend spell slots to heal themselves.","https://bg3.wiki/wiki/Lunar_Mend"
"Mage Hand","Mage Hand is a cantrip (Conjuration). It conjures a spectral hand that can interact with objects.","https://bg3.wiki/wiki/Mage_Hand"
"Mage Hand Legerdemain","Mage Hand Legerdemain is an Arcane Trickster Rogue passive feature. This ability enhances your Mage Hand, allowing it to remain permanently and granting it invisibility.","https://bg3.wiki/wiki/Mage_Hand_Legerdemain"
"Magic Arrow","Magic Arrow is an Arcane Archer fighter passive feature that makes their arrows considered magical.","https://bg3.wiki/wiki/Magic_Arrow"
"Magic Awareness","Magic Awareness is a Wild Magic Barbarian bonus action which gives a brief bonus to saving throws for barbarian and nearby creatures.","https://bg3.wiki/wiki/Magic_Awareness"
"Magic Weapon","Magic Weapon is a level 2 transmutation spell. It allows spellcasters to infuse a weapon with arcane energy, making it magical.","https://bg3.wiki/wiki/Magic_Weapon"
"Magical Ambush","Magical Ambush is a togglable passive gained by Arcane Tricksters at Level 9. Magical Ambush allows the Rogue to circumvent their target's defenses when casting spells while hidden.","https://bg3.wiki/wiki/Magical_Ambush"
"Magical Secrets","Magical Secrets is a level 6 College of Lore, and level 10 base Bard class feature in which they learn 2 Spells from a set belonging to other classes.","https://bg3.wiki/wiki/Magical_Secrets"
"Manifestation of Body","Manifestation of Body is a togglable passive feature unique to Way of the Open Hand Monks at Level 6, that adds extra ⁠Necrotic damage based on your Wisdom Modifier to unarmed attacks.","https://bg3.wiki/wiki/Manifestation_of_Body"
"Manifestation of Mind","Manifestation of Mind is a togglable passive feature unique to Way of the Open Hand Monks at Level 6, that adds extra ⁠Psychic damage based on your Wisdom Modifier to unarmed attacks.","https://bg3.wiki/wiki/Manifestation_of_Mind"
"Manifestation of Soul","Manifestation of Soul is a togglable passive feature unique to Way of the Open Hand Monks at Level 6, that adds extra ⁠Radiant damage based on your Wisdom Modifier to unarmed attacks.","https://bg3.wiki/wiki/Manifestation_of_Soul"
"Mantle of Inspiration","Mantle of Inspiration is a College of Glamour bard class action that protects allies with a mantle that charms enemies that hit them.","https://bg3.wiki/wiki/Mantle_of_Inspiration"
"Mantle of Majesty: Command","Mantle of Majesty: Command is a College of Glamour bard class action that commands enemies using a bonus action. It can be used repeatedly for 10 turns or until concentration is broken.","https://bg3.wiki/wiki/Mantle_of_Majesty%3A_Command"
"Mass Cure Wounds","Mass Cure Wounds is a level 5 evocation spell. It allows spellcasters to heal several of their allies.","https://bg3.wiki/wiki/Mass_Cure_Wounds"
"Melf's Acid Arrow","Melf's Acid Arrow is a level 2 evocation spell. It allows spellcasters to shoot a magical arrow that deals Acid damage to a target on impact and at the end of its next turn.","https://bg3.wiki/wiki/Melf's_Acid_Arrow"
"Metamagic","Metamagic is a Sorcerer class feature that allows the user to add additional effects to magic spells in exchange for Sorcery Points. When a metamagic passive is toggled on, affected spells will get a white glow and the Sorcery Points will be added to the spell cost. Two metamagic types are chosen at level 2, with one additional metamagic chosen at levels 3 and 10. Sorcery Points are regained after a Long Rest.","https://bg3.wiki/wiki/Metamagic"
"Mighty Impel","Mighty Impel is a Giant barbarian class action that allows them to throw creatures or objects.","https://bg3.wiki/wiki/Mighty_Impel"
"Mighty Swarm","Mighty Swarm is a Swarmkeeper ranger passive feature that increases the power of their swarm.","https://bg3.wiki/wiki/Mighty_Swarm"
"Mindless Rage","Mindless Rage is a Berserker Barbarian passive feature. While raging, these barbarians cannot be Charmed or Frightened.","https://bg3.wiki/wiki/Mindless_Rage"
"Minor Conjuration: Create Water","This spell is a special class version of Create or Destroy Water that also allows the Conjuration School wizard to conjure an area of water once per short rest. This action is equivalent to the level 1 version, but does not consume spell slots and cannot be upcasted.","https://bg3.wiki/wiki/Minor_Conjuration%3A_Create_Water"
"Minor Illusion","Minor Illusion is a cantrip (Illusion). It conjures a simple illusion to distract and / or lure creatures.","https://bg3.wiki/wiki/Minor_Illusion"
"Mirror Image","Mirror Image is a level 2 illusion spell. It allows spellcasters to create 3 illusory duplicates of themselves to distract attackers.","https://bg3.wiki/wiki/Mirror_Image"
"Mist Stance","Mist Stance is a class action that allows the Way of the Four Elements monk to cast the equivalent of the level 3 Wizard spell Gaseous Form that can only affect the caster.","https://bg3.wiki/wiki/Mist_Stance"
"Misty Escape","Misty Escape is an Archfey warlock passive feature/reaction that allows the warlock to become invisible upon taking damage.","https://bg3.wiki/wiki/Misty_Escape"
"Misty Step","Misty Step is a level 2 conjuration spell. It allows spellcasters to teleport themselves to an unoccupied space they can see.","https://bg3.wiki/wiki/Misty_Step"
"Mobile Flourish (Melee)","Mobile Flourish (Melee) is a College of Swords Bard weapon action. This flourish manoeuvre allows the Bard to use a Bardic Inspiration to deal extra damage to a target with a melee weapon, sending them flying backwards. Afterwards, you can teleport next to them.","https://bg3.wiki/wiki/Mobile_Flourish_(Melee)"
"Mobile Flourish (Ranged)","Mobile Flourish (Ranged) is a College of Swords Bard weapon action. This flourish manoeuvre allows the Bard to use a Bardic Inspiration to deal extra damage to a target with a ranged weapon, sending them flying backwards. Afterwards, you can teleport next to them.","https://bg3.wiki/wiki/Mobile_Flourish_(Ranged)"
"Moonbeam","Moonbeam is a level 2 evocation spell. It allows spellcasters to call down a beam of moonlight which deals Radiant damage to any creature that enters the beam or starts its turn there.","https://bg3.wiki/wiki/Moonbeam"
"Mortal Reminder","Mortal Reminder is a passive feature unique to The Great Old One Warlock subclass that Frightens creatures upon a critical hit.","https://bg3.wiki/wiki/Mortal_Reminder"
"Mountain","Mountain is a passive feature available to Circle of the Land Druids that pick this as their Land. It grants a couple extra spells every two levels","https://bg3.wiki/wiki/Mountain"
"Multiattack Defence","Multiattack Defence is a Hunter Ranger passive feature which strengthens its user's defenses against enemies that attack them more than once per turn.","https://bg3.wiki/wiki/Multiattack_Defence"
"Mystic Arcanum (6th level spell)","Mystic Arcanum is a level 11 Warlock class feature in which they learn one 6th Level spell. You can cast this spell once per Long Rest, and it does not expend a spell slot.","https://bg3.wiki/wiki/Mystic_Arcanum"
"Natural Recovery","Natural Recovery is a Circle of the Land druid class action. This ability allows these druids to replenish a number of spell slots each long rest.","https://bg3.wiki/wiki/Natural_Recovery"
"Nature's Ward","Nature's Ward is a Circle of the Land Druid passive feature that grants immunity to Charm and Frighten effects from elementals and fey creatures. The Druid also becomes immune to Disease and Poison.","https://bg3.wiki/wiki/Nature's_Ward"
"Nature's Wrath","Nature's Wrath is a Channel Oath action available to Oath of the Ancients paladins. This ability allows the paladin to root an enemy in place, leaving their guard open to attacks.","https://bg3.wiki/wiki/Nature's_Wrath"
"Otiluke's Resilient Sphere","Otiluke's Resilient Sphere is a level 4 evocation spell. It surrounds a target in an impenetrable protective sphere which blocks everything from coming in or out of the sphere. The encased creature is rendered completely invulnerable to outside attacks or spells, but conversely is blocked from attacking or targeting anything outside the sphere.","https://bg3.wiki/wiki/Otiluke's_Resilient_Sphere"
"Pact Boon","Pact Boon is a passive feature that grants you abilities depending on your choice of Boon.","https://bg3.wiki/wiki/Pact_Boon"
"Panache","Panache is a class action available to Swashbuckler rogues.","https://bg3.wiki/wiki/Panache"
"Pass Without Trace","Pass Without Trace is a level 2 abjuration spell. It allows spellcasters to grant themselves and nearby allies a bonus to Stealth Checks.","https://bg3.wiki/wiki/Pass_Without_Trace"
"Phantasmal Force","Phantasmal Force is a level 2 illusion spell. It allows spellcasters to flood a target creature's mind with an illusion of the last thing that attacked it, dealing 1d6⁠⁠Psychic damage per turn, changing to the last type of damage inflicted upon the target.","https://bg3.wiki/wiki/Phantasmal_Force"
"Phantasmal Killer","Phantasmal Killer is a level 4 illusion spell. It allows spellcasters to temporarily haunt a creatures mind with illusions, dealing damage, preventing movement, and imposing Disadvantage on Ability Checks and Attack Rolls.","https://bg3.wiki/wiki/Phantasmal_Killer"
"Plant Growth","Plant Growth is a level 3 transmutation spell. It allows spellcasters to cause an area to expel weeds from the ground, quartering the movement speed of all creatures travelling through the area.","https://bg3.wiki/wiki/Plant_Growth"
"Poison Spray","Poison Spray is a cantrip (Conjuration). It allows spellcasters to deal ⁠Poison damage to a target.","https://bg3.wiki/wiki/Poison_Spray"
"Polymorph","Polymorph is a level 4 transmutation spell. It transforms a creature into a sheep.","https://bg3.wiki/wiki/Polymorph"
"Portent","Portent is a Divination School Wizard passive feature which offers the user glimpses into the future. They gain two random Portent Dice which they can use as a Reaction to substitute into Attack Rolls and Saving Throws rolled in range.","https://bg3.wiki/wiki/Portent"
"Potent Cantrip","Potent Cantrip is an Evocation School Wizard passive feature increases the reliability of your damaging Cantrips such that even a miss hurts your target.","https://bg3.wiki/wiki/Potent_Cantrip"
"Potent Spellcasting","Potent Spellcasting is a Light Domain and Knowledge Domain Cleric passive feature that adds the Cleric's Wisdom Modifier to the damage of Cleric Cantrips.","https://bg3.wiki/wiki/Potent_Spellcasting"
"Preserve Life","Preserve Life is a Channel Divinity action available to Life Domain clerics. This ability allows these clerics to heal their allies.","https://bg3.wiki/wiki/Preserve_Life"
"Prey's Scent","Prey's Scent is a passive feature only found on Beast Master Hunter's Summon Companion.","https://bg3.wiki/wiki/Prey's_Scent"
"Primal Strike","Primal Strike is a Circle of the Moon Druid passive feature that makes their beast form attacks count as magical damage.","https://bg3.wiki/wiki/Primal_Strike"
"Produce Flame","Produce Flame is a cantrip (Conjuration). It creates a blue flame in the caster's palm which emanates light and can be thrown at enemies.","https://bg3.wiki/wiki/Produce_Flame"
"Projected Ward","Projected Ward is a reaction feature of the Abjuration School wizard. When a nearby ally takes damage, you can use an Arcane Ward charge to reduce the damage.","https://bg3.wiki/wiki/Projected_Ward"
"Protection from Energy","Protection from Energy is a level 3 abjuration spell. It allows spellcasters to grant a creature they touch Resistance to an element of their choice.","https://bg3.wiki/wiki/Protection_from_Energy"
"Protection from Evil and Good","Protection from Evil and Good is a level 1 abjuration spell. It allows spellcasters to surround themselves with magical protection against Aberrations, Celestials, Elementals, Fey, Fiends, and Undead.","https://bg3.wiki/wiki/Protection_from_Evil_and_Good"
"Radiance of the Dawn","Radiance of the Dawn is a Channel Divinity action available to Light Domain clerics. This ability allows these clerics to channel divine power and deal radiant damage to all nearby enemies.","https://bg3.wiki/wiki/Radiance_of_the_Dawn"
"Rage","Rage is a Barbarian bonus action and class feature. Enter a Rage to gain resistance against physical damage, deal extra melee and thrown damage, and Advantage on Strength checks and Saving Throws. Wearing heavy armour imposes the Rage Impeded condition, removing most benefits of Rage.","https://bg3.wiki/wiki/Rage"
"Rage: Wild Magic","Rage: Wild Magic is a Wild Magic Barbarian bonus action. It replaces normal Rage and triggers a random magical effect when entering the rage.","https://bg3.wiki/wiki/Rage%3A_Wild_Magic"
"Rakish Audacity","Rakish Audacity is a passive feature available to Swashbuckler rogues which grants a scaling bonus to initiative and relaxes some of the requirements for triggering Sneak Attack.","https://bg3.wiki/wiki/Rakish_Audacity"
"Rakish Sneak Attack (Melee)","Rakish Sneak Attack (Melee) is a Swashbuckler rogue weapon action which replaces normal Sneak Attack. This ability allows the rogue to exploit an enemy's distraction and deal extra damage to their vulnerable spots with melee weapons. The weapon must have the Finesse property, but can still utilise Strength if it is higher than Dexterity.","https://bg3.wiki/wiki/Rakish_Sneak_Attack_(Melee)"
"Rakish Sneak Attack (Ranged)","Rakish Sneak Attack (Ranged) is a Swashbuckler rogue weapon action. This ability allows the rogue to exploit an enemy's distraction and deal extra damage to their vulnerable spots with ranged weapons.","https://bg3.wiki/wiki/Rakish_Sneak_Attack_(Ranged)"
"Ranger's Companion","Ranger's Companion is a Beast Master Ranger class action. This ability allows the Beast Master to call upon their animal companion to fight and aid them in combat.","https://bg3.wiki/wiki/Ranger's_Companion"
"Ray of Enfeeblement","Ray of Enfeeblement is a level 2 necromancy spell. It allows spellcasters to make a ranged spell attack against a creature and sap their Strength. A weakened creature deals half damage with weapon attacks that use Strength.","https://bg3.wiki/wiki/Ray_of_Enfeeblement"
"Reckless Attack","Reckless Attack is a Barbarian weapon action that grants advantage on all attacks for 1 round, but makes all incoming attacks targetting the barbarian also have advantage for the same duration. It can alternatively be triggered as a free post-strike reaction on a miss (provided the attack was not already benefiting from advantage).","https://bg3.wiki/wiki/Reckless_Attack"
"Redirect Attack","Redirect Attack is a Way of the Drunken Master monk reaction/passive feature that allows the monk to make an unarmed attack against the attacker.","https://bg3.wiki/wiki/Redirect_Attack"
"Relentless Avenger","Relentless Avenger is an Oath of Vengeance Paladin passive feature. This ability allows a Paladin to pursue fleeing enemies.","https://bg3.wiki/wiki/Relentless_Avenger"
"Relentless Rage","Relentless Rage is a Barbarian passive feature. While raging, the barbarian is harder to defeat.","https://bg3.wiki/wiki/Relentless_Rage"
"Reliable Talent","Reliable Talent is a passive feature gained by rogues at level 11. It treats any roll under 10 as a 10.","https://bg3.wiki/wiki/Reliable_Talent"
"Remarkable Athlete: Jump","Remarkable Athlete: Jump is a Champion Fighter passive feature that increases their jump distance by 3 m (10 ft).","https://bg3.wiki/wiki/Remarkable_Athlete%3A_Jump"
"Remarkable Athlete: Proficiency","Remarkable Athlete: Proficiency is a Champion Fighter passive feature that adds half of their Proficiency Bonus to any Strength, Dexterity, and Constitution Checks they are not Proficient in.","https://bg3.wiki/wiki/Remarkable_Athlete%3A_Proficiency"
"Remove Curse","Remove Curse is a level 3 abjuration spell. It allows spellcasters to remove all curses afflicting a target by touch.","https://bg3.wiki/wiki/Remove_Curse"
"Revivify","Revivify is a level 3 necromancy spell. It allows the spellcaster to bring a Companion with 0 hit points back to life.","https://bg3.wiki/wiki/Revivify"
"Ride the Wind","Ride the Wind is a class action that allows a monk following the Way of the Four Elements to fly.","https://bg3.wiki/wiki/Ride_the_Wind"
"Righteous Clarity","Righteous Clarity is a Channel Oath action available to Oath of the Crown paladins which grants the paladin or an ally a bonus to attack rolls equal to their proficiency bonus.","https://bg3.wiki/wiki/Righteous_Clarity"
"Rush of the Gale Spirits","Rush of the Gale Spirits is an action that allows a Way of the Four Elements monk to conjure a squall to clear dangerous gasses or throw creatures back, potentially causing a dangerous fall. This action is the monk's equivalent of Gust of Wind","https://bg3.wiki/wiki/Rush_of_the_Gale_Spirits"
"Sacred Weapon","Sacred Weapon is a Channel Oath action available to Oath of Devotion paladins. This ability allows them to channel positive energy into their weapons, adding their Charisma Modifier to their attack rolls.","https://bg3.wiki/wiki/Sacred_Weapon"
"Sanctuary","Sanctuary is a level 1 abjuration spell. It allows spellcasters to ward themselves or an ally against enemy attacks.","https://bg3.wiki/wiki/Sanctuary"
"Scimitars","Scimitars are a type of one-handed martial melee weapon. The following are some base attributes common to most scimitars, although special or magical variants may be significantly different. For the most common, nonmagical type of this weapon, see Scimitar. Further down below, you can find a list of all scimitars in the game.","https://bg3.wiki/wiki/Scimitars"
"Scorching Ray","Scorching Ray is a level 2 evocation spell. It allows spellcasters to hurl 3 rays of fire at one or more targets within range. Each ray has a separate Attack Roll and deals Fire damage.","https://bg3.wiki/wiki/Scorching_Ray"
"Sculpt Spells","Sculpt Spells is an Evocation School passive feature prevents your allies from taking damage from some of your spells.","https://bg3.wiki/wiki/Sculpt_Spells"
"Second-Story Work","Second-Story Work: Falling is a Thief Rogue passive feature that grants Resistance against falling damage.","https://bg3.wiki/wiki/Second-Story_Work"
"See Invisibility","See Invisibility might refer to: See Invisibility (class action), the level 6 Illusion School Wizard class action Third Eye: See Invisibility, the level 10 Divination School Wizard class action See Invisibility (Condition), the condition See Invisibility (spell), the level 2 divination spell See also: Revealed, the condition applied to creatures that are revealed by See Invisibility actions Seeker Matrix, an action equivalent to See Invisibility used by Steel Watchers","https://bg3.wiki/wiki/See_Invisibility"
"Seeming","Seeming is a level 5 illusion spell. It allows spellcasters to disguise their allies.","https://bg3.wiki/wiki/Seeming"
"Shadow Arts: Darkness","Shadow Arts: Darkness is a Way of Shadow monk class action. This ability allows these monks to conjure a cloud of darkness in an area within range that obscures and blinds those within it.","https://bg3.wiki/wiki/Shadow_Arts%3A_Darkness"
"Shadow Arts: Darkvision","Shadow Arts: Darkvision is a Way of Shadow monk class action. It allows a monk to alter a creature's sight, granting them the ability to see in the dark.","https://bg3.wiki/wiki/Shadow_Arts%3A_Darkvision"
"Shadow Arts: Hide","Shadow Arts: Hide is a Way of Shadow Monk class action. It allows a monk to Hide from view using a Bonus Action.","https://bg3.wiki/wiki/Shadow_Arts%3A_Hide"
"Shadow Arts: Pass Without Trace","Shadow Arts: Pass Without Trace is a Way of Shadow monk class action that grants a stealth bonus to the caster and nearby allies.","https://bg3.wiki/wiki/Shadow_Arts%3A_Pass_Without_Trace"
"Shadow Arts: Silence","Shadow Arts: Silence is a Way of Shadow monk class action. It allows a monk to summon a sphere of absolute quietness in an area within range. Creatures within this sphere are immune to ⁠Thunder damage and cannot cast verbal spells.","https://bg3.wiki/wiki/Shadow_Arts%3A_Silence"
"Shadow Step","Shadow Step is a Way of Shadow monk class action. It allows a monk to enter the shadows and reappear at a distant, obscure location, gaining Advantage on their next melee attack.","https://bg3.wiki/wiki/Shadow_Step"
"Shadow Strike","Shadow Strike is a Way of Shadow monk weapon action. It lets a monk strike from the shadows with their weapon dealing bonus ⁠Psychic damage.","https://bg3.wiki/wiki/Shadow_Strike"
"Shadow Strike: Unarmed","Shadow Strike: Unarmed is a Way of Shadow monk class action. It lets a monk strike from the shadows with their fists dealing bonus ⁠Psychic damage.","https://bg3.wiki/wiki/Shadow_Strike%3A_Unarmed"
"Shadow Walk","Shadow Walk is a Shadow Magic sorcerer class action granted at level 11. It allows a sorcerer to teleport into shadow and cast a spell at a distance without using sorcery points.","https://bg3.wiki/wiki/Shadow_Walk"
"Shapechanger","Shapechanger is a Transmutation School wizard class action that allows a wizard to transform into a blue jay at will, without expending any spell slots.","https://bg3.wiki/wiki/Shapechanger"
"Shaping of the Ice","Shaping of the Ice is an action that allows a Way of the Four Elements monk to create an ice cube that can be climbed.","https://bg3.wiki/wiki/Shaping_of_the_Ice"
"Shatter","Shatter is a level 2 evocation spell. It allows the spellcaster to generate a deafening noise explosion that can damage multiple creatures and objects. This spell is especially potent against inorganic targets, which must make their Saving Throw at Disadvantage.","https://bg3.wiki/wiki/Shatter"
"Shield","Shield may refer to: Shield (condition) Shield (item) Shield (spell) Shields (equipment)","https://bg3.wiki/wiki/Shield"
"Shillelagh","Shillelagh is a cantrip (Transmutation). It imbues the caster's weapon with nature power.","https://bg3.wiki/wiki/Shillelagh"
"Silence","Silence is a level 2 illusion spell. It allows spellcasters to summon a sphere of absolute quiet in an area within range. Creatures within this sphere are immune to ⁠Thunder damage and cannot cast verbal spells.","https://bg3.wiki/wiki/Silence"
"Slashing Flourish (Melee)","Slashing Flourish (Melee) is a College of Swords bard weapon action. It allows the bard to use a Bardic Inspiration to make a sweeping melee weapon attack which deals extra damage and can hit up to two enemies.","https://bg3.wiki/wiki/Slashing_Flourish_(Melee)"
"Slashing Flourish (Ranged)","Slashing Flourish (Ranged) is a College of Swords bard weapon action. This flourish manoeuvre allows the bard to use a Bardic Inspiration to make a ranged weapon attack that fires two separate projectiles and deals bonus damage. The two projectiles may be directed at two separate targets or both at a single target.","https://bg3.wiki/wiki/Slashing_Flourish_(Ranged)"
"Sleep","Sleep is a level 1 enchantment spell. It allows the spellcaster to temporarily make conscious creatures fall into a deep slumber.","https://bg3.wiki/wiki/Sleep"
"Sleet Storm","Sleet Storm is a level 3 conjuration spell. It allows spellcasters to call forth a storm that douses fire, creates an icy surface, and disrupts the concentration of spellcasters.","https://bg3.wiki/wiki/Sleet_Storm"
"Slow","Slow is a level 3 transmutation spell. It allows spellcasters to reduce movement speed, Armour Class, and Dexterity Saving Throws, and also limit actions.","https://bg3.wiki/wiki/Slow"
"Sobering Realisation","Sobering Realisation is a Way of the Drunken Master monk class action. It lets a monk sober up an intoxicated target by striking them.","https://bg3.wiki/wiki/Sobering_Realisation"
"Song of Defence","Song of Defence is a passive feature/reaction available to Bladesinging wizards which lets them expend spell slots to reduce incoming damage.","https://bg3.wiki/wiki/Song_of_Defence"
"Speak with Animals","Speak with Animals is a level 1 divination spell. It allows spellcasters to understand and talk to beasts until they long rest.","https://bg3.wiki/wiki/Speak_with_Animals"
"Speak with Dead","Speak with Dead is a level 3 necromancy spell. It allows spellcasters to grant a semblance of life to a corpse, allowing it to answer questions.","https://bg3.wiki/wiki/Speak_with_Dead"
"Sphere of Elemental Balance","Sphere of Elemental Balance is an action; it allows a Way of the Four Elements monk to create a sphere that channels different elements. This action is the monk's equivalent of Chromatic Orb.","https://bg3.wiki/wiki/Sphere_of_Elemental_Balance"
"Spike Growth","Spike Growth is a level 2 transmutation spell. It allows spellcasters to transform an area of land into a hazardous spiky terrain. Creatures walking through the area have their speed halved and take Piercing damage.","https://bg3.wiki/wiki/Spike_Growth"
"Spirit Guardians","Spirit Guardians is a level 3 conjuration spell. It allows spellcasters to call forth spirits to damage nearby targets and slow their Movement.","https://bg3.wiki/wiki/Spirit_Guardians"
"Spiritual Weapon","Spiritual Weapon is a level 2 evocation spell. It summons a floating weapon that can attack enemies. The caster can choose between several different weapons, and each has a different weapon action.","https://bg3.wiki/wiki/Spiritual_Weapon"
"Spiteful Suffering","Spiteful Suffering is a Channel Oath action available to Oathbreaker paladins. This ability allows these paladins to steep their enemies in darkness, causing necrotic damage and leaving them susceptible to attacks.","https://bg3.wiki/wiki/Spiteful_Suffering"
"Split Enchantment","Split Enchantment is an Enchantment School Wizard toggleable passive feature that enables you to target 2 creatures when casting an Enchantment school spell that normally only targets 1.","https://bg3.wiki/wiki/Split_Enchantment"
"Spreading Spores","Spreading Spores is a Circle of the Spores druid class action unlocked at level 10. With Symbiotic Entity active, these druids can create lingering clouds of spores that deal necrotic damage to any creatures within.","https://bg3.wiki/wiki/Spreading_Spores"
"Staggering Smite","Staggering Smite is a level 4 evocation spell. It adds ⁠Psychic damage to the spellcaster's weapon as they strike, possibly staggering the target when hit.","https://bg3.wiki/wiki/Staggering_Smite"
"Stalker's Flurry","Stalker's Flurry is a Gloom Stalker Ranger passive feature that lets you continue attacking when you miss.","https://bg3.wiki/wiki/Stalker's_Flurry"
"Star Map: Guiding Bolt","Star Map: Guiding Bolt is a level 1 evocation spell. This spell exclusive to the Circle of the Stars druid, allows spellcasters to hit enemies with radiant bolt that deals ⁠Radiant damage and grants advantage to attack rolls made against them.","https://bg3.wiki/wiki/Star_Map%3A_Guiding_Bolt"
"Starry Form","Starry Form is a passive feature that grants starry forms to Circle of the Stars druids.","https://bg3.wiki/wiki/Starry_Form"
"Starry Form: Archer","Starry Form: Archer is a bonus action available to Circle of the Stars druids. It lets them enter a Starry Form where they can shoot arrows made of light.","https://bg3.wiki/wiki/Starry_Form%3A_Archer"
"Starry Form: Chalice","Starry Form: Chalice is a bonus action available to Circle of the Stars druids. It lets them enter a Starry Form where they gain a free healing action that recharges every time they cast a healing spell.","https://bg3.wiki/wiki/Starry_Form%3A_Chalice"
"Starry Form: Dragon","Starry Form: Dragon is a bonus action available to Circle of the Stars druids. It lets them enter a Starry Form where they gain a radiant breath attack and significant bonus to concentration saving throws. At higher levels, druids in this form additionally gain the ability to hover and fly.","https://bg3.wiki/wiki/Starry_Form%3A_Dragon"
"Steel Will","Steel Will is a Hunter Ranger passive feature that strengthens your mind against fear.","https://bg3.wiki/wiki/Steel_Will"
"Stinking Cloud","Stinking Cloud is a level 3 conjuration spell. It allows spellcasters to create a nauseating cloud of gas which can prevent creatures from taking actions. Targets must make Constitution Saving Throws every turn while they are in the area of effect or become Nauseous.","https://bg3.wiki/wiki/Stinking_Cloud"
"Stoneskin","Stoneskin is a level 4 abjuration spell. It allows spellcasters to harden the skin of their ally, granting them Resistance to non-magical physical damage.","https://bg3.wiki/wiki/Stoneskin"
"Storm's Fury","Storm's Fury is a Storm Sorcery sorcerer passive feature and reaction unlocked at level 11. When struck by a melee attacker, the sorcerer can use this reaction push the attacker away with a blast of lightning damage.","https://bg3.wiki/wiki/Storm's_Fury"
"Strength of the Grave","Strength of the Grave is a passive feature that prevents the first death.","https://bg3.wiki/wiki/Strength_of_the_Grave"
"Superior Darkvision","Superior Darkvision is a passive feature that prevents Disadvantage when attacking creatures in the dark within 24 m (80 ft), double the distance of normal Darkvision.","https://bg3.wiki/wiki/Superior_Darkvision"
"Supreme Sneak","Supreme Sneak is a Thief rogue class action. This ability allows the Thieves to become invisible for a limited amount of time.","https://bg3.wiki/wiki/Supreme_Sneak"
"Swamp","Swamp is a passive feature available to Circle of the Land Druids that pick this as their Land. It grants a couple extra spells every two levels","https://bg3.wiki/wiki/Swamp"
"Sweeping Cinder Strike","Sweeping Cinder Strike is an action that allows a Way of the Four Elements monk to shoot a flaming cone from their fingertips and deal ⁠Fire damage to enemies. This is the monk's equivalent of Burning Hands.","https://bg3.wiki/wiki/Sweeping_Cinder_Strike"
"Symbiotic Entity","Symbiotic Entity is a Circle of the Spores druid class action. Instead of transforming into a beast, these druids can spend a Wild Shape Charge to enter Symbiotic Entity form. In this form, they gain temporary hit points and deal additional ⁠Necrotic damage with weapon or unarmed attacks and Halo of Spores. It is lost when the temporary hit points are depleted.","https://bg3.wiki/wiki/Symbiotic_Entity"
"Tasha's Hideous Laughter","Tasha's Hideous Laughter is a level 1 enchantment spell. It allows spellcasters to send a targeted creature into a fit of laughter, falling Prone.","https://bg3.wiki/wiki/Tasha's_Hideous_Laughter"
"Telekinesis","Telekinesis is a level 5 transmutation spell. It allows spellcasters to throw creatures and objects around with only their mind.","https://bg3.wiki/wiki/Telekinesis"
"Tempestuous Magic","Tempestuous Magic is a Storm Sorcery Sorcerer passive feature that enables you to safely disengage from enemies after casting a leveled spell.","https://bg3.wiki/wiki/Tempestuous_Magic"
"Thaumaturgy","Thaumaturgy is a cantrip (Transmutation). It temporarily improves the caster's Intimidation and Performance checks.","https://bg3.wiki/wiki/Thaumaturgy"
"Third Eye: Darkvision","Third Eye: Darkvision is a Divination School wizard class action that gives you the ability to see in the darkness all the way up to 24 m (80 ft) (akin to Superior Darkvision) until the next day.","https://bg3.wiki/wiki/Third_Eye%3A_Darkvision"
"Third Eye: See Invisibility","Third Eye: See Invisibility is a Divination School wizard class action that gives you the ability to see invisible creatures nearby until Long Rest. It is akin to the spell See Invisibility.","https://bg3.wiki/wiki/Third_Eye%3A_See_Invisibility"
"Thorn Whip","Thorn Whip is a cantrip (Transmutation). It deals damage to a target and pulls it closer to the caster.","https://bg3.wiki/wiki/Thorn_Whip"
"Thought Shield: Psychic Reflection","Thought Shield: Psychic Reflection is a passive feature unique to The Great Old One Warlock subclass that damages attackers with the same damage when damaged with Psychic damage.","https://bg3.wiki/wiki/Thought_Shield%3A_Psychic_Reflection"
"Thought Shield: Psychic Resistance","Thought Shield: Psychic Resistance is a passive feature unique to The Great Old One Warlock subclass that grants Resistance to Psychic damage.","https://bg3.wiki/wiki/Thought_Shield%3A_Psychic_Resistance"
"Thunderbolt Strike","Thunderbolt Strike is a Tempest Domain cleric passive feature that pushes Large or smaller creatures 3 m (10 ft) that are dealt ⁠Thunder or ⁠Lightning damage from the cleric.","https://bg3.wiki/wiki/Thunderbolt_Strike"
"Thunderwave","Thunderwave is a level 1 evocation spell. It allows spellcasters to project out a deafening force that can hit multiple creatures and objects. Creatures hit by this force may be pushed away from the spellcaster.","https://bg3.wiki/wiki/Thunderwave"
"Tides of Chaos","Tides of Chaos is a Wild Magic sorcerer toggleable passive feature which grants Advantage on the sorcerer's next ability check. After this feature is triggered, the next spell cast has a greatly increased chance of a creating a Wild Magic surge (50% chance instead of the normal 5%). Alternatively, this feature can be triggered after a roll is failed with the corresponding reaction.","https://bg3.wiki/wiki/Tides_of_Chaos_(passive_feature)"
"Touch of Death","Touch of Death is a Death Domain cleric reaction which allows the cleric to deal extra ⁠Necrotic damage after a melee attack.","https://bg3.wiki/wiki/Touch_of_Death"
"Touch of the Storm","Touch of the Storm is an action that allows the Way of the Four Elements monk to strike nearby enemies with lightning, causing them to be unable to use reactions. This is the monk's equivalent of Shocking Grasp.","https://bg3.wiki/wiki/Touch_of_the_Storm"
"Training in War and Song","Training in War and Song is a passive feature of Bladesinging Wizards which grants them proficiencies in light armour and one-handed blade weapons.","https://bg3.wiki/wiki/Training_in_War_and_Song"
"Tranquillity","Tranquillity is a Way of the Open Hand Monk passive feature that prevents enemies from directly harming the monk until the first time they attack each day (effectively a free use of Sanctuary).","https://bg3.wiki/wiki/Tranquillity"
"Transmuter's Stone","Transmuter's Stone is a Transmutation School Wizard free action that allows you to create Transmuter's Stones which allow you to give a creature various benefits by holding that stone.","https://bg3.wiki/wiki/Transmuter's_Stone"
"True Strike","True Strike is a cantrip (Divination). It gives the caster Advantage on their next Attack Roll against the target.","https://bg3.wiki/wiki/True_Strike"
"Turn the Faithless","Turn the Faithless is a Channel Oath action available to Oath of the Ancients paladins. It allows these paladins to make fey and fiends flee from them.","https://bg3.wiki/wiki/Turn_the_Faithless"
"Turn the Tide","Turn the Tide is a Channel Oath action available to Oath of the Crown paladins which heals all nearby allies and neutral creatures.","https://bg3.wiki/wiki/Turn_the_Tide"
"Turn the Unholy","Turn the Unholy is a Channel Oath action available to Oath of Devotion paladins. This ability allows these paladins to make undead and fiends flee from them.","https://bg3.wiki/wiki/Turn_the_Unholy"
"Turn Undead","Turn Undead is a Channel Divinity action available to clerics of any domain. As an action, they can present their holy symbols and cause undead creatures to flee.","https://bg3.wiki/wiki/Turn_Undead"
"Twinkling Constellations","Twinkling Constellations is a passive feature that improves the starry forms of Circle of the Stars druids.","https://bg3.wiki/wiki/Twinkling_Constellations"
"Two-Weapon Fighting","Two-Weapon Fighting is a Fighting style passive feature. It allows characters to effectively dual-wield two weapons with the Light property, adding damage.","https://bg3.wiki/wiki/Two-Weapon_Fighting"
"Umbral Shroud","Umbral Shroud is a Gloom Stalker Ranger class action that lets you become Invisible so long as you are enshrouded in shadows.","https://bg3.wiki/wiki/Umbral_Shroud"
"Unarmoured Defence","Unarmoured Defence is a class feature for different classes: Unarmoured Defence Unarmoured Defence","https://bg3.wiki/wiki/Unarmoured_Defence"
"Uncanny Dodge","Uncanny Dodge is a togglable passive gained by Rogues at Level 5. Uncanny Dodge allows the Rogue to reduce incoming damage once per round.","https://bg3.wiki/wiki/Uncanny_Dodge"
"Undead Thralls: Additional Undead","Undead Thralls: Additional Undead is a Necromancy School Wizard passive feature that allows you to raise additional undead when you cast the Animate Dead spell.","https://bg3.wiki/wiki/Undead_Thralls%3A_Additional_Undead"
"Undead Thralls: Animate Dead","Undead Thralls: Animate Dead is a Necromancy School Wizard passive feature that grants you the spell Animate Dead.","https://bg3.wiki/wiki/Undead_Thralls%3A_Animate_Dead"
"Undead Thralls: Better Summons","Undead Thralls: Better Summons is a Necromancy School Wizard passive feature that enhances the undead you raise with Animate Dead. They gain additional hit points and extra damage.","https://bg3.wiki/wiki/Undead_Thralls%3A_Better_Summons"
"Underdark","The Underdark is a region in Act One of Baldur's Gate 3. It is a vast series of caverns and tunnels devoid of sunlight but full of dangerous creatures and even more dangerous mushrooms. It also contains a multitude of alchemical ingredients that are hard to find elsewhere. “ Ah, cries for help... I must be home. „ — Player character belonging to an Underdark race, upon hearing Baelen's wails","https://bg3.wiki/wiki/Underdark"
"Unstable Backlash","Unstable Backlash is a Wild Magic Barbarian passive feature/reaction. While raging, receiving damage triggers the effects of Wild Magic.","https://bg3.wiki/wiki/Unstable_Backlash"
"Vampiric Touch","Vampiric Touch is a level 3 necromancy spell. It allows spellcasters at melee range to siphon the life force of their target.","https://bg3.wiki/wiki/Vampiric_Touch"
"Vaprak's Greed","Vaprak's Greed is a Giant barbarian passive feature that increases carry weight.","https://bg3.wiki/wiki/Vaprak's_Greed"
"Volley","Volley is a Hunter ranger weapon action. This ability allows Hunters to attack every enemy in a large area with a ranged weapon rather than a single target.","https://bg3.wiki/wiki/Volley"
"Vow of Enmity","Vow of Enmity is an Oath of Vengeance Paladin class action. It allows them to successfully land their attacks more easily.","https://bg3.wiki/wiki/Vow_of_Enmity"
"Wall of Fire","Wall of Fire is a level 4 evocation spell. It allows spellcasters to create a long, fiery barrier, damaging anything in the area.","https://bg3.wiki/wiki/Wall_of_Fire"
"Wall of Stone","Wall of Stone is a level 5 evocation spell. It allows spellcasters to create a solid stone barrier.","https://bg3.wiki/wiki/Wall_of_Stone"
"War God's Blessing","War God's Blessing is a Reaction available to War Domain clerics. This ability allows these Clerics to grant their ally a +10 to an Attack Roll at the cost of one Channel Divinity Charge. This does not cost a Reaction to use. War Domain Clerics get Guided Strike at an earlier level for themselves; War God's Blessing is a variation of Guided Strike for their allies.","https://bg3.wiki/wiki/War_God's_Blessing"
"War Magic","War Magic is an Eldritch Knight Fighter passive feature. This allows the Fighter to make an attack after using a Cantrip by using a Bonus Action.","https://bg3.wiki/wiki/War_Magic"
"Warding Bond","Warding Bond is a level 2 abjuration spell. It allows spellcasters to bolster an ally's defenses while also sharing any damage they receive.","https://bg3.wiki/wiki/Warding_Bond"
"Water Whip","Water Whip is an action that allows a Way of the Four Elements monk to either knock a target prone, or pull it closer.","https://bg3.wiki/wiki/Water_Whip"
"Weapon Bond","Weapon Bond is an Eldritch Knight class action. This prevents the Fighter's main hand weapon from being disarmed and makes it automatically return to the Fighter when thrown.","https://bg3.wiki/wiki/Weapon_Bond"
"Web","Web is a level 2 conjuration spell. It allows spellcasters to conjure a mass of sticky and flammable web at an area within range. Creatures moving or entering this area have their speed halved and can become caught in the web.","https://bg3.wiki/wiki/Web"
"Whirlwind Attack","Whirlwind Attack is a Hunter ranger class action. This ability allows Hunters to attack every enemy around them with a melee attack rather than a single target.","https://bg3.wiki/wiki/Whirlwind_Attack"
"Wholeness of Body","Wholeness of Body is a class action unique to the Way of the Open Hand Monk that lets the monk heal, regain Ki Points, and have an extra bonus action.","https://bg3.wiki/wiki/Wholeness_of_Body"
"Wild Magic","Wild Magic is one of the subclasses of barbarian. These barbarians manifest otherworldy magic to bolster their martial abilities.","https://bg3.wiki/wiki/Wild_Magic_(barbarian_subclass)"
"Wild Shape: Air Myrmidon","Wild Shape: Air Myrmidon is a Combat Wild Shape form available to Circle of the Moon Druids.","https://bg3.wiki/wiki/Wild_Shape%3A_Air_Myrmidon"
"Wild Shape: Earth Myrmidon","Wild Shape: Earth Myrmidon is a Combat Wild Shape form available to Circle of the Moon Druids.","https://bg3.wiki/wiki/Wild_Shape%3A_Earth_Myrmidon"
"Wild Shape: Fire Myrmidon","Wild Shape: Fire Myrmidon is a Combat Wild Shape form available to Circle of the Moon Druids.","https://bg3.wiki/wiki/Wild_Shape%3A_Fire_Myrmidon"
"Wild Shape: Sabre-Toothed Tiger","Wild Shape: Sabre-Toothed Tiger is a Combat Wild Shape form available to Circle of the Moon Druids.","https://bg3.wiki/wiki/Wild_Shape%3A_Sabre-Toothed_Tiger"
"Wild Shape: Water Myrmidon","Wild Shape: Water Myrmidon is a Combat Wild Shape form available to Circle of the Moon Druids.","https://bg3.wiki/wiki/Wild_Shape%3A_Water_Myrmidon"
"Wild Strike","Wild Strike is a Druid passive feature that lets you make multiple unarmed attacks while Wildshaped.","https://bg3.wiki/wiki/Wild_Strike"
"Wolf Companion","Wolf Companion is a variant of Ranger's Companion which is a Subclass Feature of Rangers learned immediately upon choosing the Beast Master subclass. This ability allows the Beast Master to call upon their animal companion to fight and aid them in combat.","https://bg3.wiki/wiki/Wolf_Companion"
"Wolf Spider Companion","Wolf Spider Companion is a variant of Ranger's Companion which is a Subclass Feature of Rangers learned immediately upon choosing the Beast Master subclass. This ability allows the Beast Master to call upon their animal companion to fight and aid them in combat.","https://bg3.wiki/wiki/Wolf_Spider_Companion"
"Wrathful Smite","Wrathful Smite is a level 1 evocation spell. It allows spellcasters to channel their wrath through their melee weapon, possibly Frightening their target on hit.","https://bg3.wiki/wiki/Wrathful_Smite"
"Writhing Tide","Writhing Tide is a class action available to Swarmkeepers which lets them use their swarm to fly a short distance and hover to avoid ground-based hazards. This state lasts for 10 turns during which the Swarmkeeper can reuse this ability each turn without consuming additional resources.","https://bg3.wiki/wiki/Writhing_Tide"
